﻿<?xml version="1.0" encoding="utf-8"?>
<deployment>
  <id>8e8b9f9f-f578-4569-b83c-d3651f58c36f</id>
  <author>N/A</author>
  <deployer>OneDeploy</deployer>
  <authorEmail>N/A</authorEmail>
  <message>OneDeploy</message>
  <progress></progress>
  <status>Success</status>
  <statusText></statusText>
  <lastSuccessEndTime>2025-12-13T04:21:36.563394Z</lastSuccessEndTime>
  <receivedTime>2025-12-13T04:21:29.1233402Z</receivedTime>
  <startTime>2025-12-13T04:21:30.4829571Z</startTime>
  <endTime>2025-12-13T04:21:36.563394Z</endTime>
  <complete>True</complete>
  <is_temp>False</is_temp>
  <is_readonly>True</is_readonly>
  <buildSummary />
</deployment>