﻿<?xml version="1.0" encoding="utf-8"?>
<deployment>
  <id>dee40e55-4cd8-40c5-976a-e6d9ace022ad</id>
  <author>N/A</author>
  <deployer>OneDeploy</deployer>
  <authorEmail>N/A</authorEmail>
  <message>OneDeploy</message>
  <progress></progress>
  <status>Success</status>
  <statusText></statusText>
  <lastSuccessEndTime>2025-12-13T06:19:13.0992411Z</lastSuccessEndTime>
  <receivedTime>2025-12-13T06:19:03.043852Z</receivedTime>
  <startTime>2025-12-13T06:19:05.0564076Z</startTime>
  <endTime>2025-12-13T06:19:13.0992411Z</endTime>
  <complete>True</complete>
  <is_temp>False</is_temp>
  <is_readonly>True</is_readonly>
  <buildSummary />
</deployment>