<step title="BackgroundTrace" date="2025-12-13T04:21:25.584" instance="1d5dcd" url="/api/publish" method="POST" >
  <step title="Cleanup Xml Logs" date="2025-12-13T04:21:25.599" /><!-- duration: 3ms -->
  <step title="Creating temporary deployment - FetchDeploymentManager" date="2025-12-13T04:21:25.688" /><!-- duration: 2ms -->
  <step title="Creating temporary deployment" date="2025-12-13T04:21:25.692" /><!-- duration: 73ms -->
  <step title="Performing fetch based deployment" date="2025-12-13T04:21:25.809" >
    <step title="Moving /tmp/zipdeploy/extracted to /tmp/zipdeploy/extracted/app.jar" date="2025-12-13T04:21:27.016" /><!-- duration: 31ms -->
    <step title="Deployment timer started" date="2025-12-13T04:21:29.073" >
      <step title="DeploymentManager.Deploy(id:8e8b9f9f-f578-4569-b83c-d3651f58c36f)" date="2025-12-13T04:21:29.082" >
        <step title="Collecting changeset information" date="2025-12-13T04:21:29.104" /><!-- duration: 67ms -->
        <step title="Updating submodules" date="2025-12-13T04:21:29.173" /><!-- duration: 1154ms -->
        <step title="Determining deployment builder" date="2025-12-13T04:21:30.601" >
          <step title="Builder is OneDeployBuilder" date="2025-12-13T04:21:30.632" /><!-- duration: 2ms -->
        </step><!-- duration: 37ms -->
        <step title="PreDeployment: context.CleanOutputPath False" date="2025-12-13T04:21:31.250" >
          <step title="PreDeployment: context.OutputPath /home/site/wwwroot" date="2025-12-13T04:21:31.369" >
            <step title="Building" date="2025-12-13T04:21:31.510" >
              <step title="Executing external process" date="2025-12-13T04:21:32.213" type="process" path="starter.sh" arguments="/opt/Kudu/Scripts/parallel_rsync.sh /tmp/zipdeploy/extracted /home/site/wwwroot 8 /tmp/ False False  " /><!-- duration: 3431ms -->
              <step title="Modified file to trigger a restart of the app container." date="2025-12-13T04:21:36.166" /><!-- duration: 2ms -->
              <step title="Skip function trigger and logicapp sync because function is not enabled." date="2025-12-13T04:21:36.170" /><!-- duration: 2ms -->
            </step><!-- duration: 5598ms -->
          </step><!-- duration: 5742ms -->
          <step title="Cleaning up temp files" date="2025-12-13T04:21:37.112" /><!-- duration: 4ms -->
          <step title="Cleaning up temp files" date="2025-12-13T04:21:37.131" /><!-- duration: 512ms -->
          <step title="Reloading status file with latest updates" date="2025-12-13T04:21:37.683" >
            <step title="WebHooksManager.PublishEventAsync: PostDeployment" date="2025-12-13T04:21:37.689" /><!-- duration: 97ms -->
          </step><!-- duration: 106ms -->
          <step title="Cleaning up temporary deployment - fetch deployment was successful" date="2025-12-13T04:21:37.792" /><!-- duration: 2ms -->
        </step><!-- duration: 6641ms -->
      </step><!-- duration: 8816ms -->
