<step title="Incoming Request" date="2025-12-13T05:47:20.978" instance="1d5dcd" url="/api/publish?type=jar&amp;async=True" method="POST" type="request" pid="770,1,37" Accept="*/*" Host="cinemox-fxh6gddkgfh6ehdw.scm.southeastasia-01.azurewebsites.net" User-Agent="AZURECLI/2.80.0 (MSI)" Accept-Encoding="gzip, deflate" Authorization="Bea..." Cache-Control="no-cache" Content-Type="application/octet-stream" Cookie="ARRAffinity=1d5dcd93c1d52a937590f1082634b49b97ae14beb7dab5922fee5771fcd845f5; ARRAffinitySameSite=1d5dcd93c1d52a937590f1082634b49b97ae14beb7dab5922fee5771fcd845f5" Content-Length="35877141" x-ms-client-request-id="28b0e21e-d7e7-11f0-80cd-9c6b00385cf4" x-ms-artifact-checksum="da3c980108337d3750c559bd1caabd49636d1a530f5bfc75f27955e608c8e8df" X-ARR-LOG-ID="28b0e21e-d7e7-11f0-80cd-9c6b00385cf4" CLIENT-IP="36.70.87.167:55875" X-SITE-DEPLOYMENT-ID="Cinemox" WAS-DEFAULT-HOSTNAME="cinemox-fxh6gddkgfh6ehdw.scm.southeastasia-01.azurewebsites.net" X-Forwarded-Proto="https" X-AppService-Proto="https" X-Forwarded-TlsVersion="1.3" X-WAWS-Unencoded-URL="/api/publish?type=jar&amp;async=True" X-Client-IP="36.70.87.167" X-Client-Port="55875" >
  <step title="Cleanup Xml Logs" date="2025-12-13T05:47:21.028" /><!-- duration: 91ms -->
  <step title="OneDeploy" date="2025-12-13T05:47:21.287" >
    <step title="Starting PushDeployAsync" date="2025-12-13T05:47:21.327" /><!-- duration: 20ms -->
    <step title="Writing artifact to /tmp/zipdeploy/app.jar" date="2025-12-13T05:47:21.464" >
      <step title="Writing multipart request body to /tmp/zipdeploy/app.jar" date="2025-12-13T05:47:21.479" /><!-- duration: 11ms -->
      <step title="Error occurred" date="2025-12-13T05:51:50.766" type="error" text="Exception in copying zip file to temp path. Exception: Microsoft.AspNetCore.Server.Kestrel.Core.BadHttpRequestException: Unexpected end of request content.
   at Microsoft.AspNetCore.Server.Kestrel.Core.Internal.Http.Http1ContentLengthMessageBody.ReadAsyncInternal(CancellationToken cancellationToken)
   at System.Runtime.CompilerServices.PoolingAsyncValueTaskMethodBuilder`1.StateMachineBox`1.System.Threading.Tasks.Sources.IValueTaskSource&lt;TResult&gt;.GetResult(Int16 token)
   at System.IO.Pipelines.PipeReader.CopyToAsyncCore[TStream](TStream destination, Func`4 writeAsync, CancellationToken cancellationToken)
   at Kudu.Services.Deployment.PushDeploymentController.CopyZipFromRequestBody(String artifactTempPath, ITracer tracer) in /tmp/KuduLite/Kudu.Services/Deployment/PushDeploymentController.cs:line 1496: Unexpected end of request content." stackTrace="   at Microsoft.AspNetCore.Server.Kestrel.Core.Internal.Http.Http1ContentLengthMessageBody.ReadAsyncInternal(CancellationToken cancellationToken)
   at System.Runtime.CompilerServices.PoolingAsyncValueTaskMethodBuilder`1.StateMachineBox`1.System.Threading.Tasks.Sources.IValueTaskSource&lt;TResult&gt;.GetResult(Int16 token)
   at System.IO.Pipelines.PipeReader.CopyToAsyncCore[TStream](TStream destination, Func`4 writeAsync, CancellationToken cancellationToken)
   at Kudu.Services.Deployment.PushDeploymentController.CopyZipFromRequestBody(String artifactTempPath, ITracer tracer) in /tmp/KuduLite/Kudu.Services/Deployment/PushDeploymentController.cs:line 1496" /><!-- duration: 3ms -->
    </step><!-- duration: 269987ms -->
    <step title="Error occurred" date="2025-12-13T05:51:51.460" type="error" text="Request was Aborted. Deployment was cancelled" /><!-- duration: 2ms -->
  </step><!-- duration: 270181ms -->
  <step title="Outgoing response" date="2025-12-13T05:51:51.483" type="response" statusCode="499" statusText="499" /><!-- duration: 5ms -->
</step><!-- duration: 270520ms -->
