<step title="BackgroundTrace" date="2025-12-13T04:59:33.523" instance="1d5dcd" url="/api/publish" method="POST" >
  <step title="Cleanup Xml Logs" date="2025-12-13T04:59:33.561" /><!-- duration: 20ms -->
  <step title="Creating temporary deployment - FetchDeploymentManager" date="2025-12-13T04:59:33.752" /><!-- duration: 41ms -->
  <step title="Creating temporary deployment" date="2025-12-13T04:59:33.833" /><!-- duration: 226ms -->
  <step title="Performing fetch based deployment" date="2025-12-13T04:59:34.236" >
    <step title="Renaming (/tmp/zipdeploy/extracted) to (/tmp/zipdeploy/qdgmbys1.j1g)" date="2025-12-13T04:59:35.420" /><!-- duration: 80ms -->
    <step title="Moving /tmp/zipdeploy/qdgmbys1.j1g/ to /tmp/zipdeploy/extracted/app.jar" date="2025-12-13T04:59:35.513" /><!-- duration: 2ms -->
    <step title="Deployment timer started" date="2025-12-13T04:59:37.525" >
      <step title="DeploymentManager.Deploy(id:35ba079f-4df2-4e9a-bf95-644ed97c8c8e)" date="2025-12-13T04:59:37.552" >
        <step title="Collecting changeset information" date="2025-12-13T04:59:37.573" /><!-- duration: 132ms -->
        <step title="Updating submodules" date="2025-12-13T04:59:37.708" /><!-- duration: 1134ms -->
        <step title="Determining deployment builder" date="2025-12-13T04:59:39.164" >
          <step title="Builder is OneDeployBuilder" date="2025-12-13T04:59:39.183" /><!-- duration: 49ms -->
        </step><!-- duration: 79ms -->
        <step title="PreDeployment: context.CleanOutputPath False" date="2025-12-13T04:59:39.412" >
          <step title="PreDeployment: context.OutputPath /home/site/wwwroot" date="2025-12-13T04:59:39.576" >
            <step title="Building" date="2025-12-13T04:59:39.727" >
              <step title="Executing external process" date="2025-12-13T04:59:40.355" type="process" path="starter.sh" arguments="/opt/Kudu/Scripts/parallel_rsync.sh /tmp/zipdeploy/extracted /home/site/wwwroot 8 /tmp/ False False  " /><!-- duration: 3861ms -->
              <step title="Modified file to trigger a restart of the app container." date="2025-12-13T04:59:44.637" /><!-- duration: 2ms -->
              <step title="Skip function trigger and logicapp sync because function is not enabled." date="2025-12-13T04:59:44.645" /><!-- duration: 2ms -->
            </step><!-- duration: 6439ms -->
          </step><!-- duration: 6593ms -->
          <step title="Cleaning up temp files" date="2025-12-13T04:59:46.170" /><!-- duration: 34ms -->
          <step title="Cleaning up temp files" date="2025-12-13T04:59:46.206" /><!-- duration: 521ms -->
          <step title="Reloading status file with latest updates" date="2025-12-13T04:59:46.771" >
            <step title="WebHooksManager.PublishEventAsync: PostDeployment" date="2025-12-13T04:59:46.773" /><!-- duration: 46ms -->
          </step><!-- duration: 50ms -->
          <step title="Cleaning up temporary deployment - fetch deployment was successful" date="2025-12-13T04:59:46.825" /><!-- duration: 2ms -->
        </step><!-- duration: 7543ms -->
      </step><!-- duration: 9434ms -->
