<step title="Incoming Request" date="2025-12-13T04:04:26.720" instance="1d5dcd" url="/api/zipdeploy?isAsync=true" method="POST" type="request" pid="770,1,15" Accept="*/*" Host="cinemox-fxh6gddkgfh6ehdw.scm.southeastasia-01.azurewebsites.net" User-Agent="AZURECLI/2.80.0 (MSI)" Accept-Encoding="gzip, deflate" Authorization="Bea..." Cache-Control="no-cache" Content-Type="application/octet-stream" Content-Length="35869265" x-ms-client-request-id="cd7cdd54-d7d8-11f0-9ecf-9c6b00385cf4" x-ms-artifact-checksum="ab9e184ba390756078fbf63f1fa2a8ef87b696b351122ddd8677b9902c23506f" X-ARR-LOG-ID="cd7cdd54-d7d8-11f0-9ecf-9c6b00385cf4" CLIENT-IP="36.70.87.167:50788" X-SITE-DEPLOYMENT-ID="Cinemox" WAS-DEFAULT-HOSTNAME="cinemox-fxh6gddkgfh6ehdw.scm.southeastasia-01.azurewebsites.net" X-Forwarded-Proto="https" X-AppService-Proto="https" X-Forwarded-TlsVersion="1.3" X-WAWS-Unencoded-URL="/api/zipdeploy?isAsync=true" X-Client-IP="36.70.87.167" X-Client-Port="50788" >
  <step title="Cleanup Xml Logs" date="2025-12-13T04:04:26.729" /><!-- duration: 40ms -->
  <step title="ZipPushDeploy" date="2025-12-13T04:04:30.119" >
    <step title="ZipDeploy. Extract zip." date="2025-12-13T04:04:30.227" /><!-- duration: 10ms -->
    <step title="None repository commit" date="2025-12-13T04:04:30.317" >
      <step title="Commit id: eeaee842-2180-4b4c-9217-e3428a7628c0" date="2025-12-13T04:04:30.366" Message="N/A" AuthorName="N/A" AuthorEmail="N/A" /><!-- duration: 18ms -->
    </step><!-- duration: 99ms -->
    <step title="Starting PushDeployAsync" date="2025-12-13T04:04:30.433" /><!-- duration: 9ms -->
    <step title="Writing artifact to /tmp/zipdeploy/a206ffd8-6f16-4635-b2b8-d4ae62d5534a.zip" date="2025-12-13T04:04:30.570" >
      <step title="Writing multipart request body to /tmp/zipdeploy/a206ffd8-6f16-4635-b2b8-d4ae62d5534a.zip" date="2025-12-13T04:04:30.631" /><!-- duration: 34ms -->
    </step><!-- duration: 26802ms -->
    <step title="Start deployment in the background" date="2025-12-13T04:04:57.418" >
      <step title="Acquiring Deployment Lock" date="2025-12-13T04:04:57.549" /><!-- duration: 30ms -->
      <step title="Acquired Deployment Lock" date="2025-12-13T04:04:57.799" /><!-- duration: 40ms -->
    </step><!-- duration: 861ms -->
  </step><!-- duration: 28191ms -->
  <step title="Outgoing response" date="2025-12-13T04:04:58.387" type="response" statusCode="202" statusText="Accepted" /><!-- duration: 13ms -->
</step><!-- duration: 31698ms -->
