<step title="Incoming Request" date="2025-12-13T04:59:30.187" instance="1d5dcd" url="/api/publish?async=true&amp;deployer=GITHUB_ONE_DEPLOY&amp;type=jar&amp;message=%7B%22type%22%3A%22deployment%22%2C%22sha%22%3A%2240b780c09e1b382beb28abecfbe01ba6732f2f2d%22%2C%22repoName%22%3A%22Kiryzsuuu%2FCinemox%22%2C%22actor%22%3A%22Kiryzsuuu%22%2C%22slotName%22%3A%22Production%22%2C%22commitMessage%22%3A%22Fix%20OTP%20modal%20auto-close%20issue%20on%20register%20page%22%7D" method="POST" type="request" pid="770,1,28" Host="cinemox-fxh6gddkgfh6ehdw.scm.southeastasia-01.azurewebsites.net" User-Agent="GITHUBACTIONS_DeployWebAppToAzure_e8ecae45067cbe494be79b69b2f9cd629869009a22c1be670ced947ed0eb2521" Authorization="Bea..." Content-Type="application/octet-stream" Cookie="ARRAffinity=1d5dcd93c1d52a937590f1082634b49b97ae14beb7dab5922fee5771fcd845f5;Path=/;HttpOnly;Secure;Domain=cinemox-fxh6gddkgfh6ehdw.scm.southeastasia-01.azurewebsites.net; ARRAffinitySameSite=1d5dcd93c1d52a937590f1082634b49b97ae14beb7dab5922fee5771fcd845f5;Path=/;HttpOnly;SameSite=None;Secure;Domain=cinemox-fxh6gddkgfh6ehdw.scm.southeastasia-01.azurewebsites.net" Transfer-Encoding="chunked" X-ARR-LOG-ID="1d270cb2-b30f-41dc-ac83-11cfdef4a1d6" CLIENT-IP="52.154.19.229:17408" X-SITE-DEPLOYMENT-ID="Cinemox" WAS-DEFAULT-HOSTNAME="cinemox-fxh6gddkgfh6ehdw.scm.southeastasia-01.azurewebsites.net" X-Forwarded-Proto="https" X-AppService-Proto="https" X-Forwarded-TlsVersion="1.3" X-WAWS-Unencoded-URL="/api/publish?async=true&amp;deployer=GITHUB_ONE_DEPLOY&amp;type=jar&amp;message=%7B%22type%22%3A%22deployment%22%2C%22sha%22%3A%2240b780c09e1b382beb28abecfbe01ba6732f2f2d%22%2C%22repoName%22%3A%22Kiryzsuuu%2FCinemox%22%2C%22actor%22%3A%22Kiryzsuuu%22%2C%22slotName%22%3A%22Production%22%2C%22commitMessage%22%3A%22Fix%20OTP%20modal%20auto-close%20issue%20on%20register%20page%22%7D" X-Client-IP="52.154.19.229" X-Client-Port="17408" >
  <step title="OneDeploy" date="2025-12-13T04:59:30.267" >
    <step title="Starting PushDeployAsync" date="2025-12-13T04:59:30.273" /><!-- duration: 2ms -->
    <step title="Writing artifact to /tmp/zipdeploy/app.jar" date="2025-12-13T04:59:30.289" >
      <step title="Writing multipart request body to /tmp/zipdeploy/app.jar" date="2025-12-13T04:59:30.293" /><!-- duration: 12ms -->
    </step><!-- duration: 3086ms -->
    <step title="Start deployment in the background" date="2025-12-13T04:59:33.482" >
      <step title="Acquiring Deployment Lock" date="2025-12-13T04:59:33.610" /><!-- duration: 3ms -->
      <step title="Acquired Deployment Lock" date="2025-12-13T04:59:33.723" /><!-- duration: 19ms -->
    </step><!-- duration: 605ms -->
  </step><!-- duration: 3909ms -->
  <step title="Outgoing response" date="2025-12-13T04:59:34.196" type="response" statusCode="202" statusText="Accepted" /><!-- duration: 9ms -->
</step><!-- duration: 4021ms -->
