<step title="BackgroundTrace" date="2025-12-13T04:27:40.438" instance="1d5dcd" url="/api/publish" method="POST" >
  <step title="Cleanup Xml Logs" date="2025-12-13T04:27:40.456" /><!-- duration: 12ms -->
  <step title="Creating temporary deployment - FetchDeploymentManager" date="2025-12-13T04:27:40.716" /><!-- duration: 2ms -->
  <step title="Creating temporary deployment" date="2025-12-13T04:27:40.737" /><!-- duration: 200ms -->
  <step title="Performing fetch based deployment" date="2025-12-13T04:27:41.320" >
    <step title="Moving /tmp/zipdeploy/extracted to /tmp/zipdeploy/extracted/app.jar" date="2025-12-13T04:27:42.952" /><!-- duration: 59ms -->
    <step title="Deployment timer started" date="2025-12-13T04:27:45.074" >
      <step title="DeploymentManager.Deploy(id:fe39856f-901e-42fc-b91d-4f0edb3d6cb5)" date="2025-12-13T04:27:45.103" >
        <step title="Collecting changeset information" date="2025-12-13T04:27:45.172" /><!-- duration: 268ms -->
        <step title="Updating submodules" date="2025-12-13T04:27:45.463" /><!-- duration: 1342ms -->
        <step title="Determining deployment builder" date="2025-12-13T04:27:47.554" >
          <step title="Builder is OneDeployBuilder" date="2025-12-13T04:27:47.575" /><!-- duration: 15ms -->
        </step><!-- duration: 61ms -->
        <step title="PreDeployment: context.CleanOutputPath False" date="2025-12-13T04:27:47.772" >
          <step title="PreDeployment: context.OutputPath /home/site/wwwroot" date="2025-12-13T04:27:48.014" >
            <step title="Building" date="2025-12-13T04:27:48.383" >
              <step title="Executing external process" date="2025-12-13T04:27:49.501" type="process" path="starter.sh" arguments="/opt/Kudu/Scripts/parallel_rsync.sh /tmp/zipdeploy/extracted /home/site/wwwroot 8 /tmp/ False False  " /><!-- duration: 9693ms -->
              <step title="Modified file to trigger a restart of the app container." date="2025-12-13T04:28:00.129" /><!-- duration: 21ms -->
              <step title="Skip function trigger and logicapp sync because function is not enabled." date="2025-12-13T04:28:00.170" /><!-- duration: 19ms -->
            </step><!-- duration: 13258ms -->
          </step><!-- duration: 13657ms -->
          <step title="Cleaning up temp files" date="2025-12-13T04:28:01.680" /><!-- duration: 11ms -->
          <step title="Cleaning up temp files" date="2025-12-13T04:28:01.701" /><!-- duration: 562ms -->
          <step title="Reloading status file with latest updates" date="2025-12-13T04:28:02.404" >
            <step title="WebHooksManager.PublishEventAsync: PostDeployment" date="2025-12-13T04:28:02.483" /><!-- duration: 472ms -->
          </step><!-- duration: 611ms -->
          <step title="Cleaning up temporary deployment - fetch deployment was successful" date="2025-12-13T04:28:03.055" /><!-- duration: 38ms -->
        </step><!-- duration: 15850ms -->
      </step><!-- duration: 18667ms -->
