<step title="BackgroundTrace" date="2025-12-13T05:10:47.333" instance="1d5dcd" url="/api/publish" method="POST" >
  <step title="Cleanup Xml Logs" date="2025-12-13T05:10:47.336" /><!-- duration: 10ms -->
  <step title="Creating temporary deployment - FetchDeploymentManager" date="2025-12-13T05:10:47.482" /><!-- duration: 1ms -->
  <step title="Creating temporary deployment" date="2025-12-13T05:10:47.486" /><!-- duration: 202ms -->
  <step title="Performing fetch based deployment" date="2025-12-13T05:10:47.741" >
    <step title="Moving /tmp/zipdeploy/extracted to /tmp/zipdeploy/extracted/app.jar" date="2025-12-13T05:10:49.020" /><!-- duration: 19ms -->
    <step title="Deployment timer started" date="2025-12-13T05:10:51.079" >
      <step title="DeploymentManager.Deploy(id:601b6fe8-1b12-498a-9245-ed61ea6fb4b3)" date="2025-12-13T05:10:51.171" >
        <step title="Collecting changeset information" date="2025-12-13T05:10:51.195" /><!-- duration: 243ms -->
        <step title="Updating submodules" date="2025-12-13T05:10:51.440" /><!-- duration: 1392ms -->
        <step title="Determining deployment builder" date="2025-12-13T05:10:53.278" >
          <step title="Builder is OneDeployBuilder" date="2025-12-13T05:10:53.292" /><!-- duration: 10ms -->
        </step><!-- duration: 35ms -->
        <step title="PreDeployment: context.CleanOutputPath False" date="2025-12-13T05:10:53.357" >
          <step title="PreDeployment: context.OutputPath /home/site/wwwroot" date="2025-12-13T05:10:53.576" >
            <step title="Building" date="2025-12-13T05:10:53.840" >
              <step title="Executing external process" date="2025-12-13T05:10:54.337" type="process" path="starter.sh" arguments="/opt/Kudu/Scripts/parallel_rsync.sh /tmp/zipdeploy/extracted /home/site/wwwroot 8 /tmp/ False False  " /><!-- duration: 4497ms -->
              <step title="Modified file to trigger a restart of the app container." date="2025-12-13T05:11:00.536" /><!-- duration: 11ms -->
              <step title="Skip function trigger and logicapp sync because function is not enabled." date="2025-12-13T05:11:00.630" /><!-- duration: 10ms -->
            </step><!-- duration: 7964ms -->
          </step><!-- duration: 8231ms -->
          <step title="Cleaning up temp files" date="2025-12-13T05:11:01.810" /><!-- duration: 3ms -->
          <step title="Cleaning up temp files" date="2025-12-13T05:11:01.822" /><!-- duration: 528ms -->
          <step title="Reloading status file with latest updates" date="2025-12-13T05:11:02.375" >
            <step title="WebHooksManager.PublishEventAsync: PostDeployment" date="2025-12-13T05:11:02.385" /><!-- duration: 122ms -->
          </step><!-- duration: 142ms -->
          <step title="Cleaning up temporary deployment - fetch deployment was successful" date="2025-12-13T05:11:02.520" /><!-- duration: 6ms -->
        </step><!-- duration: 9245ms -->
      </step><!-- duration: 11441ms -->
