<step title="Incoming Request" date="2025-12-13T06:18:56.317" instance="1d5dcd" url="/api/publish?async=true&amp;deployer=GITHUB_ONE_DEPLOY&amp;type=jar&amp;message=%7B%22type%22%3A%22deployment%22%2C%22sha%22%3A%2264fc3bd5d5815c726c2a52a7958d84aeab2090e3%22%2C%22repoName%22%3A%22Kiryzsuuu%2FCinemox%22%2C%22actor%22%3A%22Kiryzsuuu%22%2C%22slotName%22%3A%22Production%22%2C%22commitMessage%22%3A%22Add%20POST%20endpoint%20for%20creating%20admin%20users%22%7D" method="POST" type="request" pid="770,1,19" Host="cinemox-fxh6gddkgfh6ehdw.scm.southeastasia-01.azurewebsites.net" User-Agent="GITHUBACTIONS_DeployWebAppToAzure_e8ecae45067cbe494be79b69b2f9cd629869009a22c1be670ced947ed0eb2521" Authorization="Bea..." Content-Type="application/octet-stream" Cookie="ARRAffinity=1d5dcd93c1d52a937590f1082634b49b97ae14beb7dab5922fee5771fcd845f5;Path=/;HttpOnly;Secure;Domain=cinemox-fxh6gddkgfh6ehdw.scm.southeastasia-01.azurewebsites.net; ARRAffinitySameSite=1d5dcd93c1d52a937590f1082634b49b97ae14beb7dab5922fee5771fcd845f5;Path=/;HttpOnly;SameSite=None;Secure;Domain=cinemox-fxh6gddkgfh6ehdw.scm.southeastasia-01.azurewebsites.net" Transfer-Encoding="chunked" X-ARR-LOG-ID="929b6f3c-f5d9-47ab-a18a-bd0a58ca5089" CLIENT-IP="172.182.211.18:33792" X-SITE-DEPLOYMENT-ID="Cinemox" WAS-DEFAULT-HOSTNAME="cinemox-fxh6gddkgfh6ehdw.scm.southeastasia-01.azurewebsites.net" X-Forwarded-Proto="https" X-AppService-Proto="https" X-Forwarded-TlsVersion="1.3" X-WAWS-Unencoded-URL="/api/publish?async=true&amp;deployer=GITHUB_ONE_DEPLOY&amp;type=jar&amp;message=%7B%22type%22%3A%22deployment%22%2C%22sha%22%3A%2264fc3bd5d5815c726c2a52a7958d84aeab2090e3%22%2C%22repoName%22%3A%22Kiryzsuuu%2FCinemox%22%2C%22actor%22%3A%22Kiryzsuuu%22%2C%22slotName%22%3A%22Production%22%2C%22commitMessage%22%3A%22Add%20POST%20endpoint%20for%20creating%20admin%20users%22%7D" X-Client-IP="172.182.211.18" X-Client-Port="33792" >
  <step title="OneDeploy" date="2025-12-13T06:18:56.372" >
    <step title="Starting PushDeployAsync" date="2025-12-13T06:18:56.395" /><!-- duration: 2ms -->
    <step title="Writing artifact to /tmp/zipdeploy/app.jar" date="2025-12-13T06:18:56.404" >
      <step title="Writing multipart request body to /tmp/zipdeploy/app.jar" date="2025-12-13T06:18:56.414" /><!-- duration: 2ms -->
    </step><!-- duration: 2813ms -->
    <step title="Start deployment in the background" date="2025-12-13T06:18:59.250" >
      <step title="Acquiring Deployment Lock" date="2025-12-13T06:18:59.333" /><!-- duration: 7ms -->
      <step title="Acquired Deployment Lock" date="2025-12-13T06:18:59.365" /><!-- duration: 2ms -->
    </step><!-- duration: 270ms -->
  </step><!-- duration: 3155ms -->
  <step title="Outgoing response" date="2025-12-13T06:18:59.530" type="response" statusCode="202" statusText="Accepted" /><!-- duration: 1ms -->
</step><!-- duration: 3216ms -->
