<step title="Incoming Request" date="2025-12-13T05:10:43.849" instance="1d5dcd" url="/api/publish?async=true&amp;deployer=GITHUB_ONE_DEPLOY&amp;type=jar&amp;message=%7B%22type%22%3A%22deployment%22%2C%22sha%22%3A%228acd02429dbe3bc888fecc6ffa9900944fa4bb0a%22%2C%22repoName%22%3A%22Kiryzsuuu%2FCinemox%22%2C%22actor%22%3A%22Kiryzsuuu%22%2C%22slotName%22%3A%22Production%22%2C%22commitMessage%22%3A%22Fix%20static%20resources%20configuration%20for%20Azure%20deployment%22%7D" method="POST" type="request" pid="770,1,19" Host="cinemox-fxh6gddkgfh6ehdw.scm.southeastasia-01.azurewebsites.net" User-Agent="GITHUBACTIONS_DeployWebAppToAzure_e8ecae45067cbe494be79b69b2f9cd629869009a22c1be670ced947ed0eb2521" Authorization="Bea..." Content-Type="application/octet-stream" Cookie="ARRAffinity=1d5dcd93c1d52a937590f1082634b49b97ae14beb7dab5922fee5771fcd845f5;Path=/;HttpOnly;Secure;Domain=cinemox-fxh6gddkgfh6ehdw.scm.southeastasia-01.azurewebsites.net; ARRAffinitySameSite=1d5dcd93c1d52a937590f1082634b49b97ae14beb7dab5922fee5771fcd845f5;Path=/;HttpOnly;SameSite=None;Secure;Domain=cinemox-fxh6gddkgfh6ehdw.scm.southeastasia-01.azurewebsites.net" Transfer-Encoding="chunked" X-ARR-LOG-ID="f1c9447e-115c-4a6a-81e3-83f931f5739a" CLIENT-IP="172.172.87.196:13344" X-SITE-DEPLOYMENT-ID="Cinemox" WAS-DEFAULT-HOSTNAME="cinemox-fxh6gddkgfh6ehdw.scm.southeastasia-01.azurewebsites.net" X-Forwarded-Proto="https" X-AppService-Proto="https" X-Forwarded-TlsVersion="1.3" X-WAWS-Unencoded-URL="/api/publish?async=true&amp;deployer=GITHUB_ONE_DEPLOY&amp;type=jar&amp;message=%7B%22type%22%3A%22deployment%22%2C%22sha%22%3A%228acd02429dbe3bc888fecc6ffa9900944fa4bb0a%22%2C%22repoName%22%3A%22Kiryzsuuu%2FCinemox%22%2C%22actor%22%3A%22Kiryzsuuu%22%2C%22slotName%22%3A%22Production%22%2C%22commitMessage%22%3A%22Fix%20static%20resources%20configuration%20for%20Azure%20deployment%22%7D" X-Client-IP="172.172.87.196" X-Client-Port="13344" >
  <step title="OneDeploy" date="2025-12-13T05:10:43.957" >
    <step title="None repository commit" date="2025-12-13T05:10:43.970" >
      <step title="Commit id: 601b6fe8-1b12-498a-9245-ed61ea6fb4b3" date="2025-12-13T05:10:43.973" Message="N/A" AuthorName="N/A" AuthorEmail="N/A" /><!-- duration: 2ms -->
    </step><!-- duration: 7ms -->
    <step title="Starting PushDeployAsync" date="2025-12-13T05:10:43.979" /><!-- duration: 2ms -->
    <step title="Writing artifact to /tmp/zipdeploy/app.jar" date="2025-12-13T05:10:44.019" >
      <step title="Writing multipart request body to /tmp/zipdeploy/app.jar" date="2025-12-13T05:10:44.029" /><!-- duration: 17ms -->
    </step><!-- duration: 3294ms -->
    <step title="Start deployment in the background" date="2025-12-13T05:10:47.326" >
      <step title="Acquiring Deployment Lock" date="2025-12-13T05:10:47.376" /><!-- duration: 2ms -->
      <step title="Acquired Deployment Lock" date="2025-12-13T05:10:47.478" /><!-- duration: 2ms -->
    </step><!-- duration: 364ms -->
  </step><!-- duration: 3748ms -->
  <step title="Outgoing response" date="2025-12-13T05:10:47.717" type="response" statusCode="202" statusText="Accepted" /><!-- duration: 8ms -->
</step><!-- duration: 3878ms -->
