<step title="BackgroundTrace" date="2025-12-13T04:04:57.440" instance="1d5dcd" url="/api/zipdeploy" method="POST" >
  <step title="Cleanup Xml Logs" date="2025-12-13T04:04:57.470" /><!-- duration: 40ms -->
  <step title="Creating temporary deployment - FetchDeploymentManager" date="2025-12-13T04:04:57.898" /><!-- duration: 22ms -->
  <step title="Creating temporary deployment" date="2025-12-13T04:04:57.969" /><!-- duration: 280ms -->
  <step title="Performing fetch based deployment" date="2025-12-13T04:04:58.605" >
    <step title="Cleaning up temp folders from previous zip deployments and extracting pushed zip file /tmp/zipdeploy/a206ffd8-6f16-4635-b2b8-d4ae62d5534a.zip (34.21 MB) to /tmp/zipdeploy/extracted" date="2025-12-13T04:05:01.149" >
      <step title="ChmodRecursive Process exited with total time taken in ms: 270" date="2025-12-13T04:05:03.866" /><!-- duration: 19ms -->
    </step><!-- duration: 2757ms -->
    <step title="Deployment timer started" date="2025-12-13T04:05:05.985" >
      <step title="DeploymentManager.Deploy(id:eeaee842-2180-4b4c-9217-e3428a7628c0)" date="2025-12-13T04:05:06.037" >
        <step title="Collecting changeset information" date="2025-12-13T04:05:06.127" /><!-- duration: 159ms -->
        <step title="Updating submodules" date="2025-12-13T04:05:06.307" /><!-- duration: 1292ms -->
        <step title="Determining deployment builder" date="2025-12-13T04:05:08.130" >
          <step title="Builder is BasicBuilder" date="2025-12-13T04:05:08.328" /><!-- duration: 88ms -->
        </step><!-- duration: 347ms -->
        <step title="PreDeployment: context.CleanOutputPath False" date="2025-12-13T04:05:09.225" >
          <step title="PreDeployment: context.OutputPath /home/site/wwwroot" date="2025-12-13T04:05:09.443" >
            <step title="Building" date="2025-12-13T04:05:09.804" >
              <step title="Executing external process" date="2025-12-13T04:05:10.592" type="process" path="starter.sh" arguments="/opt/Kudu/Scripts/parallel_rsync.sh /tmp/zipdeploy/extracted /home/site/wwwroot 8 /tmp/ False True  " /><!-- duration: 20588ms -->
              <step title="Triggering recycle (preview mode disabled)." date="2025-12-13T04:05:31.927" /><!-- duration: 142ms -->
              <step title="Modified file to trigger a restart of the app container." date="2025-12-13T04:05:32.169" /><!-- duration: 10ms -->
              <step title="Skip function trigger and logicapp sync because function is not enabled." date="2025-12-13T04:05:32.201" /><!-- duration: 40ms -->
            </step><!-- duration: 23654ms -->
          </step><!-- duration: 24024ms -->
          <step title="Cleaning up temp files" date="2025-12-13T04:05:33.476" /><!-- duration: 31ms -->
          <step title="Cleaning up temp files" date="2025-12-13T04:05:33.535" /><!-- duration: 517ms -->
          <step title="Reloading status file with latest updates" date="2025-12-13T04:05:34.179" >
            <step title="WebHooksManager.PublishEventAsync: PostDeployment" date="2025-12-13T04:05:34.232" /><!-- duration: 476ms -->
          </step><!-- duration: 541ms -->
          <step title="Cleaning up temporary deployment - fetch deployment was successful" date="2025-12-13T04:05:34.730" /><!-- duration: 18ms -->
        </step><!-- duration: 25605ms -->
      </step><!-- duration: 28951ms -->
