<step title="Incoming Request" date="2025-12-13T03:59:25.300" instance="1d5dcd" url="/api/publish?type=jar" method="POST" type="request" pid="772,1,7" Accept="*/*" Host="cinemox-fxh6gddkgfh6ehdw.scm.southeastasia-01.azurewebsites.net" User-Agent="AZURECLI/2.80.0 (MSI)" Accept-Encoding="gzip, deflate" Authorization="Bea..." Cache-Control="no-cache" Content-Type="application/octet-stream" Cookie="ARRAffinity=1d5dcd93c1d52a937590f1082634b49b97ae14beb7dab5922fee5771fcd845f5; ARRAffinitySameSite=1d5dcd93c1d52a937590f1082634b49b97ae14beb7dab5922fee5771fcd845f5" Content-Length="35869265" x-ms-client-request-id="16a91370-d7d8-11f0-9c1f-9c6b00385cf4" x-ms-artifact-checksum="ab9e184ba390756078fbf63f1fa2a8ef87b696b351122ddd8677b9902c23506f" X-ARR-LOG-ID="16a91370-d7d8-11f0-9c1f-9c6b00385cf4" CLIENT-IP="36.70.87.167:63461" X-SITE-DEPLOYMENT-ID="Cinemox" WAS-DEFAULT-HOSTNAME="cinemox-fxh6gddkgfh6ehdw.scm.southeastasia-01.azurewebsites.net" X-Forwarded-Proto="https" X-AppService-Proto="https" X-Forwarded-TlsVersion="1.3" X-WAWS-Unencoded-URL="/api/publish?type=jar" X-Client-IP="36.70.87.167" X-Client-Port="63461" >
  <step title="OneDeploy" date="2025-12-13T03:59:25.551" >
    <step title="Starting PushDeployAsync" date="2025-12-13T03:59:25.741" /><!-- duration: 10ms -->
    <step title="Writing artifact to /tmp/zipdeploy/app.jar" date="2025-12-13T03:59:25.816" >
      <step title="Writing multipart request body to /tmp/zipdeploy/app.jar" date="2025-12-13T03:59:25.836" /><!-- duration: 9ms -->
    </step><!-- duration: 30352ms -->
    <step title="Attempting to fetch target branch HEAD" date="2025-12-13T03:59:56.206" /><!-- duration: 8ms -->
    <step title="Acquiring Deployment Lock" date="2025-12-13T03:59:56.233" /><!-- duration: 2ms -->
    <step title="Acquired Deployment Lock" date="2025-12-13T03:59:56.303" /><!-- duration: 19ms -->
    <step title="Performing fetch based deployment" date="2025-12-13T03:59:56.372" >
      <step title="Creating temporary deployment" date="2025-12-13T03:59:56.412" /><!-- duration: 336ms -->
      <step title="Releasing Deployment Lock" date="2025-12-13T03:59:58.095" /><!-- duration: 10ms -->
      <step title="Renaming (/tmp/zipdeploy/extracted) to (/tmp/zipdeploy/fqfqlzuo.svg)" date="2025-12-13T03:59:58.117" /><!-- duration: 21ms -->
      <step title="Moving /tmp/zipdeploy/fqfqlzuo.svg/ to /tmp/zipdeploy/extracted/app.jar" date="2025-12-13T03:59:58.167" /><!-- duration: 19ms -->
      <step title="None repository commit" date="2025-12-13T03:59:58.207" >
        <step title="Commit id: 5181bc8b-9762-48ec-8986-76c74c357988" date="2025-12-13T03:59:58.228" Message="OneDeploy" AuthorName="N/A" AuthorEmail="N/A" /><!-- duration: 9ms -->
      </step><!-- duration: 32ms -->
      <step title="Deployment timer started" date="2025-12-13T04:00:00.260" >
        <step title="DeploymentManager.Deploy(id:5181bc8b-9762-48ec-8986-76c74c357988)" date="2025-12-13T04:00:00.271" >
          <step title="Collecting changeset information" date="2025-12-13T04:00:00.330" /><!-- duration: 227ms -->
          <step title="Updating submodules" date="2025-12-13T04:00:00.580" /><!-- duration: 1848ms -->
          <step title="Determining deployment builder" date="2025-12-13T04:00:03.338" >
            <step title="Builder is OneDeployBuilder" date="2025-12-13T04:00:03.476" /><!-- duration: 117ms -->
          </step><!-- duration: 295ms -->
          <step title="PreDeployment: context.CleanOutputPath False" date="2025-12-13T04:00:04.229" >
            <step title="PreDeployment: context.OutputPath /home/site/wwwroot" date="2025-12-13T04:00:05.301" >
              <step title="Building" date="2025-12-13T04:00:06.006" >
                <step title="Executing external process" date="2025-12-13T04:00:08.485" type="process" path="starter.sh" arguments="/opt/Kudu/Scripts/parallel_rsync.sh /tmp/zipdeploy/extracted /home/site/wwwroot 8 /tmp/ False False  " /><!-- duration: 14111ms -->
                <step title="Modified file to trigger a restart of the app container." date="2025-12-13T04:00:23.546" /><!-- duration: 9ms -->
                <step title="Skip function trigger and logicapp sync because function is not enabled." date="2025-12-13T04:00:23.566" /><!-- duration: 18ms -->
              </step><!-- duration: 18737ms -->
            </step><!-- duration: 19453ms -->
            <step title="Cleaning up temp files" date="2025-12-13T04:00:24.762" /><!-- duration: 12ms -->
            <step title="Cleaning up temp files" date="2025-12-13T04:00:24.801" /><!-- duration: 638ms -->
            <step title="Reloading status file with latest updates" date="2025-12-13T04:00:25.491" >
              <step title="WebHooksManager.PublishEventAsync: PostDeployment" date="2025-12-13T04:00:25.520" /><!-- duration: 100ms -->
            </step><!-- duration: 139ms -->
            <step title="Cleaning up temporary deployment - fetch deployment was successful" date="2025-12-13T04:00:25.660" /><!-- duration: 10ms -->
          </step><!-- duration: 21572ms -->
        </step><!-- duration: 25669ms -->
        <step title="Outgoing response" date="2025-12-13T04:00:25.989" type="response" statusCode="200" statusText="OK" /><!-- duration: 2ms -->
      </step><!-- duration: 25734ms -->
