<step title="Incoming Request" date="2025-12-13T04:41:41.099" instance="1d5dcd" url="/api/publish?type=jar&amp;async=True" method="POST" type="request" pid="770,1,7" Accept="*/*" Host="cinemox-fxh6gddkgfh6ehdw.scm.southeastasia-01.azurewebsites.net" User-Agent="AZURECLI/2.80.0 (MSI)" Accept-Encoding="gzip, deflate" Authorization="Bea..." Cache-Control="no-cache" Content-Type="application/octet-stream" Cookie="ARRAffinity=1d5dcd93c1d52a937590f1082634b49b97ae14beb7dab5922fee5771fcd845f5; ARRAffinitySameSite=1d5dcd93c1d52a937590f1082634b49b97ae14beb7dab5922fee5771fcd845f5" Content-Length="35876537" x-ms-client-request-id="fe39f28a-d7dd-11f0-a2dc-9c6b00385cf4" x-ms-artifact-checksum="6210477f0a15210fd98f09713b6ea58164a8abe1fd2cc07aa2f07154e8279061" X-ARR-LOG-ID="fe39f28a-d7dd-11f0-a2dc-9c6b00385cf4" CLIENT-IP="36.70.87.167:62953" X-SITE-DEPLOYMENT-ID="Cinemox" WAS-DEFAULT-HOSTNAME="cinemox-fxh6gddkgfh6ehdw.scm.southeastasia-01.azurewebsites.net" X-Forwarded-Proto="https" X-AppService-Proto="https" X-Forwarded-TlsVersion="1.3" X-WAWS-Unencoded-URL="/api/publish?type=jar&amp;async=True" X-Client-IP="36.70.87.167" X-Client-Port="62953" >
  <step title="OneDeploy" date="2025-12-13T04:41:41.156" >
    <step title="Starting PushDeployAsync" date="2025-12-13T04:41:41.177" /><!-- duration: 17ms -->
    <step title="Writing artifact to /tmp/zipdeploy/app.jar" date="2025-12-13T04:41:41.235" >
      <step title="Writing multipart request body to /tmp/zipdeploy/app.jar" date="2025-12-13T04:41:41.245" /><!-- duration: 3ms -->
      <step title="Error occurred" date="2025-12-13T04:46:11.274" type="error" text="Exception in copying zip file to temp path. Exception: Microsoft.AspNetCore.Server.Kestrel.Core.BadHttpRequestException: Unexpected end of request content.
   at Microsoft.AspNetCore.Server.Kestrel.Core.Internal.Http.Http1ContentLengthMessageBody.ReadAsyncInternal(CancellationToken cancellationToken)
   at System.Runtime.CompilerServices.PoolingAsyncValueTaskMethodBuilder`1.StateMachineBox`1.System.Threading.Tasks.Sources.IValueTaskSource&lt;TResult&gt;.GetResult(Int16 token)
   at System.IO.Pipelines.PipeReader.CopyToAsyncCore[TStream](TStream destination, Func`4 writeAsync, CancellationToken cancellationToken)
   at Kudu.Services.Deployment.PushDeploymentController.CopyZipFromRequestBody(String artifactTempPath, ITracer tracer) in /tmp/KuduLite/Kudu.Services/Deployment/PushDeploymentController.cs:line 1496: Unexpected end of request content." stackTrace="   at Microsoft.AspNetCore.Server.Kestrel.Core.Internal.Http.Http1ContentLengthMessageBody.ReadAsyncInternal(CancellationToken cancellationToken)
   at System.Runtime.CompilerServices.PoolingAsyncValueTaskMethodBuilder`1.StateMachineBox`1.System.Threading.Tasks.Sources.IValueTaskSource&lt;TResult&gt;.GetResult(Int16 token)
   at System.IO.Pipelines.PipeReader.CopyToAsyncCore[TStream](TStream destination, Func`4 writeAsync, CancellationToken cancellationToken)
   at Kudu.Services.Deployment.PushDeploymentController.CopyZipFromRequestBody(String artifactTempPath, ITracer tracer) in /tmp/KuduLite/Kudu.Services/Deployment/PushDeploymentController.cs:line 1496" /><!-- duration: 4ms -->
    </step><!-- duration: 270887ms -->
    <step title="Error occurred" date="2025-12-13T04:46:12.132" type="error" text="Request was Aborted. Deployment was cancelled" /><!-- duration: 2ms -->
  </step><!-- duration: 270994ms -->
  <step title="Outgoing response" date="2025-12-13T04:46:12.180" type="response" statusCode="499" statusText="499" /><!-- duration: 10ms -->
</step><!-- duration: 271113ms -->
