<step title="Incoming Request" date="2025-12-13T04:20:54.464" instance="1d5dcd" url="/api/publish?type=jar&amp;async=True" method="POST" type="request" pid="768,1,22" Accept="*/*" Host="cinemox-fxh6gddkgfh6ehdw.scm.southeastasia-01.azurewebsites.net" User-Agent="AZURECLI/2.80.0 (MSI)" Accept-Encoding="gzip, deflate" Authorization="Bea..." Cache-Control="no-cache" Content-Type="application/octet-stream" Cookie="ARRAffinity=1d5dcd93c1d52a937590f1082634b49b97ae14beb7dab5922fee5771fcd845f5; ARRAffinitySameSite=1d5dcd93c1d52a937590f1082634b49b97ae14beb7dab5922fee5771fcd845f5" Content-Length="35876422" x-ms-client-request-id="178bf3da-d7db-11f0-be27-9c6b00385cf4" x-ms-artifact-checksum="c3eb10be70d56035af0b64710eee4d54c6906dcb9230daefa66955d0d6f39893" X-ARR-LOG-ID="178bf3da-d7db-11f0-be27-9c6b00385cf4" CLIENT-IP="36.70.87.167:56077" X-SITE-DEPLOYMENT-ID="Cinemox" WAS-DEFAULT-HOSTNAME="cinemox-fxh6gddkgfh6ehdw.scm.southeastasia-01.azurewebsites.net" X-Forwarded-Proto="https" X-AppService-Proto="https" X-Forwarded-TlsVersion="1.3" X-WAWS-Unencoded-URL="/api/publish?type=jar&amp;async=True" X-Client-IP="36.70.87.167" X-Client-Port="56077" >
  <step title="OneDeploy" date="2025-12-13T04:20:54.593" >
    <step title="None repository commit" date="2025-12-13T04:20:54.606" >
      <step title="Commit id: 8e8b9f9f-f578-4569-b83c-d3651f58c36f" date="2025-12-13T04:20:54.617" Message="N/A" AuthorName="N/A" AuthorEmail="N/A" /><!-- duration: 2ms -->
    </step><!-- duration: 14ms -->
    <step title="Starting PushDeployAsync" date="2025-12-13T04:20:54.622" /><!-- duration: 2ms -->
    <step title="Writing artifact to /tmp/zipdeploy/app.jar" date="2025-12-13T04:20:54.664" >
      <step title="Writing multipart request body to /tmp/zipdeploy/app.jar" date="2025-12-13T04:20:54.683" /><!-- duration: 19ms -->
    </step><!-- duration: 30902ms -->
    <step title="Start deployment in the background" date="2025-12-13T04:21:25.578" >
      <step title="Acquiring Deployment Lock" date="2025-12-13T04:21:25.624" /><!-- duration: 2ms -->
      <step title="Acquired Deployment Lock" date="2025-12-13T04:21:25.685" /><!-- duration: 2ms -->
    </step><!-- duration: 190ms -->
  </step><!-- duration: 31184ms -->
  <step title="Outgoing response" date="2025-12-13T04:21:25.796" type="response" statusCode="202" statusText="Accepted" /><!-- duration: 2ms -->
</step><!-- duration: 31336ms -->
