<step title="BackgroundTrace" date="2025-12-13T04:06:41.500" instance="1d5dcd" url="/api/publish" method="POST" >
  <step title="Cleanup Xml Logs" date="2025-12-13T04:06:41.521" /><!-- duration: 19ms -->
  <step title="Creating temporary deployment - FetchDeploymentManager" date="2025-12-13T04:06:41.660" /><!-- duration: 2ms -->
  <step title="Creating temporary deployment" date="2025-12-13T04:06:41.679" /><!-- duration: 286ms -->
  <step title="Performing fetch based deployment" date="2025-12-13T04:06:42.181" >
    <step title="Renaming (/tmp/zipdeploy/extracted) to (/tmp/zipdeploy/nwe2fcb0.scb)" date="2025-12-13T04:06:43.525" /><!-- duration: 49ms -->
    <step title="Moving /tmp/zipdeploy/nwe2fcb0.scb/ to /tmp/zipdeploy/extracted/app.jar" date="2025-12-13T04:06:43.585" /><!-- duration: 10ms -->
    <step title="Deployment timer started" date="2025-12-13T04:06:45.979" >
      <step title="DeploymentManager.Deploy(id:cb3af24f-125e-46f9-b884-12ef05126c76)" date="2025-12-13T04:06:46.036" >
        <step title="Collecting changeset information" date="2025-12-13T04:06:46.118" /><!-- duration: 288ms -->
        <step title="Updating submodules" date="2025-12-13T04:06:46.455" /><!-- duration: 1542ms -->
        <step title="Determining deployment builder" date="2025-12-13T04:06:48.581" >
          <step title="Builder is OneDeployBuilder" date="2025-12-13T04:06:48.673" /><!-- duration: 41ms -->
        </step><!-- duration: 143ms -->
        <step title="PreDeployment: context.CleanOutputPath False" date="2025-12-13T04:06:48.922" >
          <step title="PreDeployment: context.OutputPath /home/site/wwwroot" date="2025-12-13T04:06:49.274" >
            <step title="Building" date="2025-12-13T04:06:49.504" >
              <step title="Executing external process" date="2025-12-13T04:06:50.980" type="process" path="starter.sh" arguments="/opt/Kudu/Scripts/parallel_rsync.sh /tmp/zipdeploy/extracted /home/site/wwwroot 8 /tmp/ False False  " /><!-- duration: 18811ms -->
              <step title="Modified file to trigger a restart of the app container." date="2025-12-13T04:07:11.032" /><!-- duration: 48ms -->
              <step title="Skip function trigger and logicapp sync because function is not enabled." date="2025-12-13T04:07:11.129" /><!-- duration: 30ms -->
            </step><!-- duration: 24905ms -->
          </step><!-- duration: 25239ms -->
          <step title="Cleaning up temp files" date="2025-12-13T04:07:14.534" /><!-- duration: 138ms -->
          <step title="Cleaning up temp files" date="2025-12-13T04:07:14.694" /><!-- duration: 609ms -->
          <step title="Reloading status file with latest updates" date="2025-12-13T04:07:15.438" >
            <step title="WebHooksManager.PublishEventAsync: PostDeployment" date="2025-12-13T04:07:15.477" /><!-- duration: 160ms -->
          </step><!-- duration: 208ms -->
          <step title="Cleaning up temporary deployment - fetch deployment was successful" date="2025-12-13T04:07:15.675" /><!-- duration: 2ms -->
        </step><!-- duration: 26893ms -->
      </step><!-- duration: 29976ms -->
