<step title="Incoming Request" date="2025-12-13T04:06:08.348" instance="1d5dcd" url="/api/publish?type=jar&amp;async=True" method="POST" type="request" pid="770,1,16" Accept="*/*" Host="cinemox-fxh6gddkgfh6ehdw.scm.southeastasia-01.azurewebsites.net" User-Agent="AZURECLI/2.80.0 (MSI)" Accept-Encoding="gzip, deflate" Authorization="Bea..." Cache-Control="no-cache" Content-Type="application/octet-stream" Cookie="ARRAffinity=1d5dcd93c1d52a937590f1082634b49b97ae14beb7dab5922fee5771fcd845f5; ARRAffinitySameSite=1d5dcd93c1d52a937590f1082634b49b97ae14beb7dab5922fee5771fcd845f5" Content-Length="35869265" x-ms-client-request-id="064afdbf-d7d9-11f0-bcd2-9c6b00385cf4" x-ms-artifact-checksum="ab9e184ba390756078fbf63f1fa2a8ef87b696b351122ddd8677b9902c23506f" X-ARR-LOG-ID="064afdbf-d7d9-11f0-bcd2-9c6b00385cf4" CLIENT-IP="36.70.87.167:61579" X-SITE-DEPLOYMENT-ID="Cinemox" WAS-DEFAULT-HOSTNAME="cinemox-fxh6gddkgfh6ehdw.scm.southeastasia-01.azurewebsites.net" X-Forwarded-Proto="https" X-AppService-Proto="https" X-Forwarded-TlsVersion="1.3" X-WAWS-Unencoded-URL="/api/publish?type=jar&amp;async=True" X-Client-IP="36.70.87.167" X-Client-Port="61579" >
  <step title="Cleanup Xml Logs" date="2025-12-13T04:06:08.369" /><!-- duration: 93ms -->
  <step title="OneDeploy" date="2025-12-13T04:06:08.852" >
    <step title="Starting PushDeployAsync" date="2025-12-13T04:06:08.922" /><!-- duration: 9ms -->
    <step title="Writing artifact to /tmp/zipdeploy/app.jar" date="2025-12-13T04:06:08.960" >
      <step title="Writing multipart request body to /tmp/zipdeploy/app.jar" date="2025-12-13T04:06:08.983" /><!-- duration: 29ms -->
    </step><!-- duration: 32421ms -->
    <step title="Start deployment in the background" date="2025-12-13T04:06:41.471" >
      <step title="Acquiring Deployment Lock" date="2025-12-13T04:06:41.581" /><!-- duration: 10ms -->
      <step title="Acquired Deployment Lock" date="2025-12-13T04:06:41.642" /><!-- duration: 10ms -->
    </step><!-- duration: 523ms -->
  </step><!-- duration: 33192ms -->
  <step title="Outgoing response" date="2025-12-13T04:06:42.072" type="response" statusCode="202" statusText="Accepted" /><!-- duration: 11ms -->
</step><!-- duration: 33786ms -->
