<step title="Incoming Request" date="2025-12-13T04:27:35.065" instance="1d5dcd" url="/api/publish?async=true&amp;deployer=GITHUB_ONE_DEPLOY&amp;type=jar&amp;message=%7B%22type%22%3A%22deployment%22%2C%22sha%22%3A%228ca26453662738463be559a8cbc6c63c5e233caf%22%2C%22repoName%22%3A%22Kiryzsuuu%2FCinemox%22%2C%22actor%22%3A%22Kiryzsuuu%22%2C%22slotName%22%3A%22Production%22%2C%22commitMessage%22%3A%22Update%20API_BASE_URL%20to%20Azure%20production%20URL%22%7D" method="POST" type="request" pid="770,1,7" Host="cinemox-fxh6gddkgfh6ehdw.scm.southeastasia-01.azurewebsites.net" User-Agent="GITHUBACTIONS_DeployWebAppToAzure_e8ecae45067cbe494be79b69b2f9cd629869009a22c1be670ced947ed0eb2521" Authorization="Bea..." Content-Type="application/octet-stream" Cookie="ARRAffinity=1d5dcd93c1d52a937590f1082634b49b97ae14beb7dab5922fee5771fcd845f5;Path=/;HttpOnly;Secure;Domain=cinemox-fxh6gddkgfh6ehdw.scm.southeastasia-01.azurewebsites.net; ARRAffinitySameSite=1d5dcd93c1d52a937590f1082634b49b97ae14beb7dab5922fee5771fcd845f5;Path=/;HttpOnly;SameSite=None;Secure;Domain=cinemox-fxh6gddkgfh6ehdw.scm.southeastasia-01.azurewebsites.net" Transfer-Encoding="chunked" X-ARR-LOG-ID="6e518fe3-0e05-4f74-a41a-1e5cf6a64a1c" CLIENT-IP="135.119.38.32:62400" X-SITE-DEPLOYMENT-ID="Cinemox" WAS-DEFAULT-HOSTNAME="cinemox-fxh6gddkgfh6ehdw.scm.southeastasia-01.azurewebsites.net" X-Forwarded-Proto="https" X-AppService-Proto="https" X-Forwarded-TlsVersion="1.3" X-WAWS-Unencoded-URL="/api/publish?async=true&amp;deployer=GITHUB_ONE_DEPLOY&amp;type=jar&amp;message=%7B%22type%22%3A%22deployment%22%2C%22sha%22%3A%228ca26453662738463be559a8cbc6c63c5e233caf%22%2C%22repoName%22%3A%22Kiryzsuuu%2FCinemox%22%2C%22actor%22%3A%22Kiryzsuuu%22%2C%22slotName%22%3A%22Production%22%2C%22commitMessage%22%3A%22Update%20API_BASE_URL%20to%20Azure%20production%20URL%22%7D" X-Client-IP="135.119.38.32" X-Client-Port="62400" >
  <step title="Cleanup Xml Logs" date="2025-12-13T04:27:35.084" /><!-- duration: 60ms -->
  <step title="OneDeploy" date="2025-12-13T04:27:35.493" >
    <step title="None repository commit" date="2025-12-13T04:27:35.537" >
      <step title="Commit id: fe39856f-901e-42fc-b91d-4f0edb3d6cb5" date="2025-12-13T04:27:35.576" Message="N/A" AuthorName="N/A" AuthorEmail="N/A" /><!-- duration: 11ms -->
    </step><!-- duration: 70ms -->
    <step title="Starting PushDeployAsync" date="2025-12-13T04:27:35.629" /><!-- duration: 10ms -->
    <step title="Writing artifact to /tmp/zipdeploy/app.jar" date="2025-12-13T04:27:35.737" >
      <step title="Writing multipart request body to /tmp/zipdeploy/app.jar" date="2025-12-13T04:27:35.766" /><!-- duration: 18ms -->
    </step><!-- duration: 4588ms -->
    <step title="Start deployment in the background" date="2025-12-13T04:27:40.428" >
      <step title="Acquiring Deployment Lock" date="2025-12-13T04:27:40.548" /><!-- duration: 10ms -->
      <step title="Acquired Deployment Lock" date="2025-12-13T04:27:40.689" /><!-- duration: 9ms -->
    </step><!-- duration: 522ms -->
  </step><!-- duration: 5495ms -->
  <step title="Outgoing response" date="2025-12-13T04:27:41.088" type="response" statusCode="202" statusText="Accepted" /><!-- duration: 9ms -->
</step><!-- duration: 6033ms -->
