<step title="BackgroundTrace" date="2025-12-13T06:18:59.259" instance="1d5dcd" url="/api/publish" method="POST" >
  <step title="Cleanup Xml Logs" date="2025-12-13T06:18:59.316" /><!-- duration: 9ms -->
  <step title="Creating temporary deployment - FetchDeploymentManager" date="2025-12-13T06:18:59.368" /><!-- duration: 1ms -->
  <step title="Creating temporary deployment" date="2025-12-13T06:18:59.372" /><!-- duration: 145ms -->
  <step title="Performing fetch based deployment" date="2025-12-13T06:18:59.539" >
    <step title="Renaming (/tmp/zipdeploy/extracted) to (/tmp/zipdeploy/c4gdofja.5bw)" date="2025-12-13T06:19:00.839" /><!-- duration: 67ms -->
    <step title="Moving /tmp/zipdeploy/c4gdofja.5bw/ to /tmp/zipdeploy/extracted/app.jar" date="2025-12-13T06:19:00.909" /><!-- duration: 3ms -->
    <step title="Deployment timer started" date="2025-12-13T06:19:02.952" >
      <step title="DeploymentManager.Deploy(id:dee40e55-4cd8-40c5-976a-e6d9ace022ad)" date="2025-12-13T06:19:02.980" >
        <step title="Collecting changeset information" date="2025-12-13T06:19:03.014" /><!-- duration: 113ms -->
        <step title="Updating submodules" date="2025-12-13T06:19:03.137" /><!-- duration: 1736ms -->
        <step title="Determining deployment builder" date="2025-12-13T06:19:05.169" >
          <step title="Builder is OneDeployBuilder" date="2025-12-13T06:19:05.178" /><!-- duration: 17ms -->
        </step><!-- duration: 29ms -->
        <step title="PreDeployment: context.CleanOutputPath False" date="2025-12-13T06:19:05.251" >
          <step title="PreDeployment: context.OutputPath /home/site/wwwroot" date="2025-12-13T06:19:05.395" >
            <step title="Building" date="2025-12-13T06:19:05.562" >
              <step title="Executing external process" date="2025-12-13T06:19:06.187" type="process" path="starter.sh" arguments="/opt/Kudu/Scripts/parallel_rsync.sh /tmp/zipdeploy/extracted /home/site/wwwroot 8 /tmp/ False False  " /><!-- duration: 6064ms -->
              <step title="Modified file to trigger a restart of the app container." date="2025-12-13T06:19:12.685" /><!-- duration: 9ms -->
              <step title="Skip function trigger and logicapp sync because function is not enabled." date="2025-12-13T06:19:12.705" /><!-- duration: 2ms -->
            </step><!-- duration: 9294ms -->
          </step><!-- duration: 9474ms -->
          <step title="Cleaning up temp files" date="2025-12-13T06:19:14.878" /><!-- duration: 11ms -->
          <step title="Cleaning up temp files" date="2025-12-13T06:19:14.907" /><!-- duration: 517ms -->
          <step title="Reloading status file with latest updates" date="2025-12-13T06:19:15.493" >
            <step title="WebHooksManager.PublishEventAsync: PostDeployment" date="2025-12-13T06:19:15.505" /><!-- duration: 59ms -->
          </step><!-- duration: 80ms -->
          <step title="Cleaning up temporary deployment - fetch deployment was successful" date="2025-12-13T06:19:15.592" /><!-- duration: 2ms -->
        </step><!-- duration: 10489ms -->
      </step><!-- duration: 12777ms -->
