<step title="BackgroundTrace" date="2025-12-13T03:57:00.791" instance="1d5dcd" url="/api/publish" method="POST" >
  <step title="Cleanup Xml Logs" date="2025-12-13T03:57:00.793" /><!-- duration: 28ms -->
  <step title="Creating temporary deployment - FetchDeploymentManager" date="2025-12-13T03:57:01.040" /><!-- duration: 30ms -->
  <step title="Creating temporary deployment" date="2025-12-13T03:57:01.089" /><!-- duration: 2218ms -->
  <step title="Performing fetch based deployment" date="2025-12-13T03:57:04.514" >
    <step title="Moving /tmp/zipdeploy/extracted to /tmp/zipdeploy/extracted/app.jar" date="2025-12-13T03:57:06.289" /><!-- duration: 23ms -->
    <step title="Deployment timer started" date="2025-12-13T03:57:08.591" >
      <step title="DeploymentManager.Deploy(id:fa6c1de3-3428-46d7-8e14-8c1da81828d1)" date="2025-12-13T03:57:08.712" >
        <step title="Collecting changeset information" date="2025-12-13T03:57:08.823" /><!-- duration: 596ms -->
        <step title="Updating submodules" date="2025-12-13T03:57:09.438" /><!-- duration: 1444ms -->
        <step title="Determining deployment builder" date="2025-12-13T03:57:11.314" >
          <step title="Builder is OneDeployBuilder" date="2025-12-13T03:57:11.345" /><!-- duration: 8ms -->
        </step><!-- duration: 41ms -->
        <step title="PreDeployment: context.CleanOutputPath False" date="2025-12-13T03:57:11.493" >
          <step title="PreDeployment: context.OutputPath /home/site/wwwroot" date="2025-12-13T03:57:12.182" >
            <step title="Building" date="2025-12-13T03:57:13.504" >
              <step title="Executing external process" date="2025-12-13T03:57:16.289" type="process" path="starter.sh" arguments="/opt/Kudu/Scripts/parallel_rsync.sh /tmp/zipdeploy/extracted /home/site/wwwroot 8 /tmp/ False False  " /><!-- duration: 30323ms -->
              <step title="Modified file to trigger a restart of the app container." date="2025-12-13T03:57:47.857" /><!-- duration: 41ms -->
              <step title="Skip function trigger and logicapp sync because function is not enabled." date="2025-12-13T03:57:47.963" /><!-- duration: 19ms -->
            </step><!-- duration: 35625ms -->
          </step><!-- duration: 36982ms -->
          <step title="Cleaning up temp files" date="2025-12-13T03:57:49.175" /><!-- duration: 64ms -->
          <step title="Cleaning up temp files" date="2025-12-13T03:57:49.241" /><!-- duration: 571ms -->
          <step title="Reloading status file with latest updates" date="2025-12-13T03:57:49.920" >
            <step title="WebHooksManager.PublishEventAsync: PostDeployment" date="2025-12-13T03:57:49.930" /><!-- duration: 446ms -->
          </step><!-- duration: 518ms -->
          <step title="Cleaning up temporary deployment - fetch deployment was successful" date="2025-12-13T03:57:50.479" /><!-- duration: 131ms -->
        </step><!-- duration: 39327ms -->
      </step><!-- duration: 42166ms -->
