<step title="Incoming Request" date="2025-12-13T03:56:52.235" instance="1d5dcd" url="/api/publish?async=true&amp;deployer=GITHUB_ONE_DEPLOY&amp;type=jar&amp;message=%7B%22type%22%3A%22deployment%22%2C%22sha%22%3A%2220ce878186e0fdf9114a5d96347dffe1b78a2557%22%2C%22repoName%22%3A%22Kiryzsuuu%2FCinemox%22%2C%22actor%22%3A%22Kiryzsuuu%22%2C%22slotName%22%3A%22Production%22%2C%22commitMessage%22%3A%22Add%20or%20update%20the%20Azure%20App%20Service%20build%20and%20deployment%20workflow%20config%22%7D" method="POST" type="request" pid="772,1,7" Host="cinemox-fxh6gddkgfh6ehdw.scm.southeastasia-01.azurewebsites.net" User-Agent="GITHUBACTIONS_DeployWebAppToAzure_e8ecae45067cbe494be79b69b2f9cd629869009a22c1be670ced947ed0eb2521" Authorization="Bea..." Content-Type="application/octet-stream" Cookie="ARRAffinity=1d5dcd93c1d52a937590f1082634b49b97ae14beb7dab5922fee5771fcd845f5;Path=/;HttpOnly;Secure;Domain=cinemox-fxh6gddkgfh6ehdw.scm.southeastasia-01.azurewebsites.net; ARRAffinitySameSite=1d5dcd93c1d52a937590f1082634b49b97ae14beb7dab5922fee5771fcd845f5;Path=/;HttpOnly;SameSite=None;Secure;Domain=cinemox-fxh6gddkgfh6ehdw.scm.southeastasia-01.azurewebsites.net" Transfer-Encoding="chunked" X-ARR-LOG-ID="1ad173f8-795c-4a68-954f-bde74e6a1597" CLIENT-IP="172.182.202.193:22528" X-SITE-DEPLOYMENT-ID="Cinemox" WAS-DEFAULT-HOSTNAME="cinemox-fxh6gddkgfh6ehdw.scm.southeastasia-01.azurewebsites.net" X-Forwarded-Proto="https" X-AppService-Proto="https" X-Forwarded-TlsVersion="1.3" X-WAWS-Unencoded-URL="/api/publish?async=true&amp;deployer=GITHUB_ONE_DEPLOY&amp;type=jar&amp;message=%7B%22type%22%3A%22deployment%22%2C%22sha%22%3A%2220ce878186e0fdf9114a5d96347dffe1b78a2557%22%2C%22repoName%22%3A%22Kiryzsuuu%2FCinemox%22%2C%22actor%22%3A%22Kiryzsuuu%22%2C%22slotName%22%3A%22Production%22%2C%22commitMessage%22%3A%22Add%20or%20update%20the%20Azure%20App%20Service%20build%20and%20deployment%20workflow%20config%22%7D" X-Client-IP="172.182.202.193" X-Client-Port="22528" >
  <step title="Cleanup Xml Logs" date="2025-12-13T03:56:52.247" /><!-- duration: 49ms -->
  <step title="OneDeploy" date="2025-12-13T03:56:52.997" >
    <step title="None repository commit" date="2025-12-13T03:56:53.106" >
      <step title="Commit id: fa6c1de3-3428-46d7-8e14-8c1da81828d1" date="2025-12-13T03:56:53.115" Message="N/A" AuthorName="N/A" AuthorEmail="N/A" /><!-- duration: 30ms -->
    </step><!-- duration: 49ms -->
    <step title="Starting PushDeployAsync" date="2025-12-13T03:56:53.166" /><!-- duration: 10ms -->
    <step title="Writing artifact to /tmp/zipdeploy/app.jar" date="2025-12-13T03:56:53.613" >
      <step title="Writing multipart request body to /tmp/zipdeploy/app.jar" date="2025-12-13T03:56:53.803" /><!-- duration: 89ms -->
    </step><!-- duration: 7099ms -->
    <step title="Start deployment in the background" date="2025-12-13T03:57:00.770" >
      <step title="Acquiring Deployment Lock" date="2025-12-13T03:57:00.852" /><!-- duration: 19ms -->
      <step title="Acquired Deployment Lock" date="2025-12-13T03:57:01.009" /><!-- duration: 11ms -->
    </step><!-- duration: 2579ms -->
  </step><!-- duration: 10992ms -->
  <step title="Outgoing response" date="2025-12-13T03:57:04.029" type="response" statusCode="202" statusText="Accepted" /><!-- duration: 46ms -->
</step><!-- duration: 11861ms -->
