﻿<?xml version="1.0" encoding="utf-8"?>
<deployment>
  <id>601b6fe8-1b12-498a-9245-ed61ea6fb4b3</id>
  <author>N/A</author>
  <deployer>OneDeploy</deployer>
  <authorEmail>N/A</authorEmail>
  <message>OneDeploy</message>
  <progress></progress>
  <status>Success</status>
  <statusText></statusText>
  <lastSuccessEndTime>2025-12-13T05:11:01.1118983Z</lastSuccessEndTime>
  <receivedTime>2025-12-13T05:10:51.2632066Z</receivedTime>
  <startTime>2025-12-13T05:10:53.2043289Z</startTime>
  <endTime>2025-12-13T05:11:01.1118983Z</endTime>
  <complete>True</complete>
  <is_temp>False</is_temp>
  <is_readonly>True</is_readonly>
  <buildSummary />
</deployment>