﻿<?xml version="1.0" encoding="utf-8"?>
<deployment>
  <id>cb3af24f-125e-46f9-b884-12ef05126c76</id>
  <author>N/A</author>
  <deployer>OneDeploy</deployer>
  <authorEmail>N/A</authorEmail>
  <message>OneDeploy</message>
  <progress></progress>
  <status>Success</status>
  <statusText></statusText>
  <lastSuccessEndTime>2025-12-13T04:07:11.932324Z</lastSuccessEndTime>
  <receivedTime>2025-12-13T04:06:46.2389273Z</receivedTime>
  <startTime>2025-12-13T04:06:48.4437821Z</startTime>
  <endTime>2025-12-13T04:07:11.932324Z</endTime>
  <complete>True</complete>
  <is_temp>False</is_temp>
  <is_readonly>True</is_readonly>
  <buildSummary />
</deployment>