﻿<?xml version="1.0" encoding="utf-8"?>
<deployment>
  <id>35ba079f-4df2-4e9a-bf95-644ed97c8c8e</id>
  <author>N/A</author>
  <deployer>OneDeploy</deployer>
  <authorEmail>N/A</authorEmail>
  <message>OneDeploy</message>
  <progress></progress>
  <status>Success</status>
  <statusText></statusText>
  <lastSuccessEndTime>2025-12-13T04:59:45.0748943Z</lastSuccessEndTime>
  <receivedTime>2025-12-13T04:59:37.5932497Z</receivedTime>
  <startTime>2025-12-13T04:59:39.0524979Z</startTime>
  <endTime>2025-12-13T04:59:45.0748943Z</endTime>
  <complete>True</complete>
  <is_temp>False</is_temp>
  <is_readonly>True</is_readonly>
  <buildSummary />
</deployment>