﻿<?xml version="1.0" encoding="utf-8"?>
<deployment>
  <id>eeaee842-2180-4b4c-9217-e3428a7628c0</id>
  <author>N/A</author>
  <deployer>Push-Deployer</deployer>
  <authorEmail>N/A</authorEmail>
  <message>Created via a push deployment</message>
  <progress></progress>
  <status>Success</status>
  <statusText></statusText>
  <lastSuccessEndTime>2025-12-13T04:05:32.7881259Z</lastSuccessEndTime>
  <receivedTime>2025-12-13T04:05:06.2081502Z</receivedTime>
  <startTime>2025-12-13T04:05:07.921439Z</startTime>
  <endTime>2025-12-13T04:05:32.7881259Z</endTime>
  <complete>True</complete>
  <is_temp>False</is_temp>
  <is_readonly>True</is_readonly>
  <buildSummary />
</deployment>