﻿<?xml version="1.0" encoding="utf-8"?>
<deployment>
  <id>5181bc8b-9762-48ec-8986-76c74c357988</id>
  <author>N/A</author>
  <deployer>OneDeploy</deployer>
  <authorEmail>N/A</authorEmail>
  <message>OneDeploy</message>
  <progress></progress>
  <status>Success</status>
  <statusText></statusText>
  <lastSuccessEndTime>2025-12-13T04:00:24.1381108Z</lastSuccessEndTime>
  <receivedTime>2025-12-13T04:00:00.4102818Z</receivedTime>
  <startTime>2025-12-13T04:00:03.1276601Z</startTime>
  <endTime>2025-12-13T04:00:24.1381108Z</endTime>
  <complete>True</complete>
  <is_temp>False</is_temp>
  <is_readonly>True</is_readonly>
  <buildSummary />
</deployment>