﻿<?xml version="1.0" encoding="utf-8"?>
<deployment>
  <id>fa6c1de3-3428-46d7-8e14-8c1da81828d1</id>
  <author>N/A</author>
  <deployer>OneDeploy</deployer>
  <authorEmail>N/A</authorEmail>
  <message>OneDeploy</message>
  <progress></progress>
  <status>Success</status>
  <statusText></statusText>
  <lastSuccessEndTime>2025-12-13T03:57:48.5515788Z</lastSuccessEndTime>
  <receivedTime>2025-12-13T03:57:09.2439871Z</receivedTime>
  <startTime>2025-12-13T03:57:11.2147474Z</startTime>
  <endTime>2025-12-13T03:57:48.5515788Z</endTime>
  <complete>True</complete>
  <is_temp>False</is_temp>
  <is_readonly>True</is_readonly>
  <buildSummary />
</deployment>