﻿<?xml version="1.0" encoding="utf-8"?>
<deployment>
  <id>fe39856f-901e-42fc-b91d-4f0edb3d6cb5</id>
  <author>N/A</author>
  <deployer>OneDeploy</deployer>
  <authorEmail>N/A</authorEmail>
  <message>OneDeploy</message>
  <progress></progress>
  <status>Success</status>
  <statusText></statusText>
  <lastSuccessEndTime>2025-12-13T04:28:00.699316Z</lastSuccessEndTime>
  <receivedTime>2025-12-13T04:27:45.330699Z</receivedTime>
  <startTime>2025-12-13T04:27:47.4117006Z</startTime>
  <endTime>2025-12-13T04:28:00.699316Z</endTime>
  <complete>True</complete>
  <is_temp>False</is_temp>
  <is_readonly>True</is_readonly>
  <buildSummary />
</deployment>